  brand,name,sale
LUKAUSKAS,Брюки джоггеры мужские спортивные штаны карго весна,50
BroJeans,Брюки джоггеры мужские спортивные штаны карго для подростков,68
AK Clothes,Брюки классические зауженные осенние,60
Keenly,Брюки мужские спортивные джоггеры штаны карго черные,70
Bronks,Брюки мужские джоггеры спортивные штаны карго на резинке,40
Bronks,Брюки мужские джоггеры спортивные штаны карго на резинке,46
Keotica,Брюки карго хлопковые в стиле Casual милитари,35
Макс-Экстрим,Брюки мужские штаны домашние черные спортивные летние,50
AsparNizzaroParadox,Брюки мужские классические летние зауженные школьные,41
AMT WEAR,Брюки мужские классические прямые штаны черные,65
DreamFit,Брюки спортивные повседневные,92
ICON™,Брюки мужские джоггеры спортивные штаны карго на резинке,48
GANZEL,Брюки классические в клетку,49
BEND,Брюки со стрелками широкие бананы оверсайз,36
motiv8,Брюки джоггеры утепленные,25
21problem,Брюки широкие свободные оверсайз,20
Barouz,Брюки мужские джоггеры спортивные штаны карго на резинке,43
TFcollection,Брюки мужские классические летние зауженные прямые чиносы,72
KALEN M,Брюки джоггеры классические черные школа,40
LAINA,Брюки широкие прямые повседневные без начеса,55
KEMOFF,Брюки мужские классические зауженные Штаны джоггеры летние,55
John Costa,Широкие трикотажные джоггеры на осень,33
TM LIMITED,Брюки классические зауженные слаксы,48
GANZEL,Брюки классические в клетку,40
MKJeans,"Брюки зауженные в школу, офис",34
Keotica,Джоггеры флисовые,20
KEMOFF,Брюки мужские классические зауженные Штаны джоггеры летние,55
NUNC,Брюки джоггеры на резинке спортивные карго,80
BEND,Брюки карго широкие летние парашюты оверсайз,43
NEWSKY,Брюки спортивные повседневные,67
Yarkaya,Брюки оверсайз широкие на резинке карго вельветовые Y2K,28
lipkinof man,Брюки классические широкие бананы,58
BULANTI,Брюки мужские спортивные штаны зауженные джоггеры,55
unfollowing,Штаны карго джоггеры осенние,70
Bronks,Брюки мужские джоггеры спортивные штаны карго на резинке,40
John Costa,Широкие трикотажные джоггеры на осень,33
MR BIGMAN,Брюки большие размеры джоггеры,66
Chromatis,Брюки джоггеры мужские спортивные штаны карго,56
Seven eleven,Брюки классические широкие,55
ТЕЛОДВИЖЕНИЯ,Брюки джоггеры штаны спортивные мужские утепленные с начесом,50
LAINA,Брюки прямые широкие не утепленные спортивки,55
IMHO,Спортивные штаны,62
Keotica,Брюки мужские карго широкие тактические Кеотика,55
Т.И.П.,Брюки джоггеры карго,33
BroJeans,Брюки джоггеры мужские спортивные штаны карго для подростков,64
MLS 883,Брюки джоггеры спортивные,52
Westrenger,Брюки мужские классические Турция,63
VACKERS,Брюки джоггеры спортивные на резинке оверсайз,76
VACKERS,Брюки джоггеры спортивные на резинке оверсайз,76
wepl,Джоггеры брюки карго,56
Бест Трикотаж,Брюки мужские джоггеры спортивные штаны карго на резинке,62
ARI Collection,Брюки мужские классические чиносы зауженные прямые,47
AMT WEAR,Брюки мужские классические прямые штаны синие,67
Brosky,Брюки мужские джоггеры спортивные штаны карго подростковые,83
Alexander&Bari,Брюки джоггеры спортивные карго с лямками street casual,56
23_Stars,Брюки классические прямые чиносы,50
Бест Трикотаж,"Брюки на манжете, трико домашнее",64
Keotica,Брюки карго хлопковые в стиле Casual милитари,36
La'roppa,Брюки мужские джоггеры спортивные карго,55
Portnovstyle,Джоггеры штаны карго,63
HappyFox,Брюки мужские штаны карго с карманами спортивные черные,70
Outfit4Man,Брюки карго мужские штаны с карманами,67
WiWin,"Джоггеры мужские, брюки карго с ремнем",64
Т.И.П.,Брюки джоггеры карго,34
MR BIGMAN,"Штаны на манжете,трико",60
Gofstl,Брюки карго джоггеры на резинке,80
BEAR LOOK,Брюки спортивные широкие,58
Kristian White,Брюки свободные карго y2k трубы прямые,65
boneto,Штаны спортивные широкие оверсайз,70
SKEIN,Брюки карго широкие оверсайз парашюты,63
Ravenclo,Брюки джоггеры оверсайз широкие,30
MAYZONT,Брюки джинсы широкие прямые,50
WiWin,"Джоггеры мужские, брюки карго с ремнем",64
Oli Wear,Брюки классические,64
URBANITY,Брюки мужские джоггеры спортивные штаны карго,52
Bronks,Брюки мужские джоггеры спортивные штаны карго на резинке,40
Bronks,Брюки мужские джоггеры спортивные штаны карго на резинке,47
Yarkaya,Брюки оверсайз широкие на резинке карго осенние Y2K,28
Joggernaut,Штаны хлопковые зауженные джоггеры эластан,79
Leming,Брюки джоггеры мужские на резинке карго с карманами,75
RSV Limited,Брюки мужские джоггеры спортивные штаны карго на резинке,47
A6 Style,Брюки джоггеры спортивные карго,74
AIVA fashion,Брюки трикотажные спортивные с начесом,68
BEND,Брюки бананы широкие оверсайз классические,35
MLS 883,Брюки джоггеры спортивные,52
Yoratem,Брюки классические прямые осень,64
WHITE TAG,Штаны спортивные повседневные трико,68
AMT WEAR,Брюки мужские классические прямые штаны чиносы,65
Jog's,Брюки джоггеры с боковыми карманами,33
GANZEL,Брюки классические в клетку,45
STELLA ST,Брюки спортивные большие размеры,43
Brooklyn wear,Джоггеры с ремнем брюки карго,69
D13,Брюки карго прямые утепленные,60
Yoratem,Брюки классические прямые осень,64
Eremes,Брюки мужские спортивные штаны карго тактические джоггеры,73
GOLEGA,Штаны джоггеры на резинке,57
Dar-Diar,Брюки мужские широкие спортивные на резинке штаны легкие,21
MR BIGMAN,Брюки на манжете утепленные прямые,75
RNG,Тайтсы спортивные термо штаны,84
DEA.V,Классические брюки прямые широкие в офис,66
